,,,,,,,,,,,,JK (1),,JK (2),,JK (3),,JK (5),,JK (4),,,,,,,,,,,,,,,,,,,,,,,,,,,,,,,,,,,,,,,,,,,,,,,,,,,,,
,,,,,,,,,,,JK (6),,PB (2),,PB (1),,PB (5),,HP (1),,HP (2),,,,,,,,,,,,,,,,,,,,,,,,,,,,,,,,,,,,,,,,,,,,,,,,,,,,
,,,,,,,,,,,,PB (3),,PB (4),,CH (1),,HR (1),,HP (3),,HP (4),,,,,,,,,,,,,,,,,,,,,,,,,,,,,,,,,,,,,,,,,,,,,,,,,,,
,,,,,,,,,,,PB (9),,PB (8),,PB (6),,HR (2),,UP (1),,UK (1),,UK (2),,,,,,,,,,,,,,,,,,,,,,,,,,,,,,,,,,,,,,,,,,,,,,,,,,
,,,,,,,,,,PB (10),,PB (7),,PB (13),,HR (5),,UP (2),,UP (3),,UK (5),,UK (3),,,,,,,,,,,,,,,,,,,,,,,,,,,,,,,,,,,,,,,,,,,,,,,,,
,,,,,,,,,,,PB (11),,PB (12),,HR (4),,UP (11),,UP (4),,UP (5),,UK (4),,,,,,,,,,,,,,,,,,,,,,,,,,,,,,,,,,,,,,,,,,,,,,,,,,
,,,,,,,,,,RJ (1),,HR (3),,HR (6),,DL (5),,DL (2),,UP (10),,UP (6),,,,,,,,,,,,,,,,,,,,,,,,,,,,,,,,,,,,,,,,,,,,,,,,,,,
,,,,,,,,,RJ (2),,RJ (3),,HR (7),,DL (1),,DL (4),,DL (3),,UP (9),,UP (8),,UP (7),,,,,,,,,,,,,,,,,,,,,,,,,,,,,,SK (1),,,,,,,,,,,,,,AR (1),,AR (2),,
,,,,,,,,RJ (16),,RJ (14),,RJ (4),,HR (8),,DL (6),,DL (7),,UP (12),,UP (23),,UP (25),,UP (26),,,,,,UP (60),,UP (63),,BR (1),,BR (2),,,,,,,,,,,,,,,,WB (4),,WB (3),,WB (2),,WB (1),,AS (5),,AS (6),,AS (8),,AS (9),,AS (14),,AS (13),
,,,,,,,RJ (17),,RJ (15),,RJ (22),,RJ (5),,HR (9),,HR (10),,UP (13),,UP (14),,UP (24),,UP (27),,UP (28),,UP (56),,UP (58),,UP (64),,UP (65),,BR (3),,BR (4),,BR (5),,BR (6),,BR (7),,,,,,,,WB (5),,WB (6),,WB (7),,WB (8),,AS (4),,AS (7),,AS (10),,AS (3),,AS (11),,NL (1),,AS (12)
,,,,,,,,RJ (18),,RJ (13),,RJ (6),,RJ (8),,UP (17),,UP (15),,UP (22),,UP (40),,UP (31),,UP (29),,UP (30),,UP (57),,UP (59),,UP (67),,UP (66),,BR (17),,BR (16),,BR (15),,BR (14),,BR (8),,BR (9),,BR (10),,WB (42),,WB (9),,WB (11),,,,,,,,ML (2),,ML (1),,AS (2),,MN (1),,,
,,,,,,,RJ (21),,RJ (7),,RJ (11),,RJ (9),,UP (16),,UP (18),,UP (20),,UP (21),,UP (42),,UP (32),,UP (34),,UP (35),,UP (54),,UP (61),,UP (62),,BR (18),,BR (19),,BR (22),,BR (23),,BR (13),,BR (12),,BR (11),,WB (40),,WB (41),,WB (10),,,,,,,,,,,,AS (1),,MN (2),,,,
,,,,,,,,RJ (23),,RJ (12),,RJ (10),,RJ (24),,UP (19),,MP (1),,UP (41),,UP (43),,UP (33),,UP (37),,UP (38),,UP (53),,UP (55),,UP (68),,BR (20),,BR (21),,BR (24),,BR (28),,BR (25),,BR (26),,WB (35),,WB (36),,WB (37),,WB (39),,WB (12),,,,,,,,,,TR (2),,MZ (1),,,,,
,,,,,,,GJ (3),,GJ (2),,RJ (19),,MP (23),,RJ (25),,MP (3),,MP (2),,UP (45),,UP (44),,UP (36),,UP (39),,UP (78),,UP (69),,UP (71),,BR (32),,BR (31),,BR (30),,BR (29),,BR (40),,BR (27),,JH (1),,WB (33),,WB (29),,WB (38),,WB (28),,WB (13),,,,,,,,TR (1),,,,,,,,
GJ (1),,GJ (4),,GJ (6),,GJ (8),,GJ (7),,GJ (5),,RJ (20),,MP (22),,MP (20),,MP (4),,UP (46),,UP (47),,UP (49),,UP (51),,UP (73),,UP (74),,UP (70),,BR (33),,BR (36),,BR (37),,BR (38),,BR (39),,JH (3),,JH (2),,WB (34),,WB (32),,WB (27),,WB (24),,WB (15),,WB (14),,,,,,,,,,,,,,,
,GJ (10),,GJ (9),,GJ (17),,GJ (20),,GJ (18),,GJ (19),,MP (24),,MP (19),,MP (5),,MP (6),,MP (9),,UP (48),,UP (50),,UP (52),,UP (76),,UP (75),,UP (72),,BR (34),,BR (35),,JH (4),,JH (14),,JH (5),,OR (5),,WB (31),,WB (25),,WB (23),,WB (16),,WB (17),,WB (18),,,,,,,,,,,,,,,,
,,,,,,GJ (16),,GJ (22),,GJ (24),,GJ (21),,MP (25),,MP (21),,MP (7),,MP (8),,MP (10),,MP (11),,MP (12),,UP (79),,UP (77),,JH (13),,JH (12),,JH (8),,JH (6),,JH (7),,OR (2),,OR (4),,OR (6),,WB (30),,WB (26),,WB (21),,WB (22),,WB (20),,WB (19),,,,,,,,,,,,,,,
,,,GJ (11),,GJ (12),,GJ (15),,DD (1),,GJ (23),,MH (1),,MP (27),,MP (26),,MP (28),,MP (29),,MP(18),,MP (17),,MP (13),,UP (80),,CG (1),,CG (2),,JH (11),,JH (10),,JH (9),,OR (8),,OR (7),,,,,,,,,,,,,,,,,,,,,,,,,,,,,,
,,,,GJ (13),,GJ (14),,,,GJ (25),,GJ (26),,MH (2),,MH (3),,MH (4),,MH (6),,MH (7),,MP (16),,MP (15),,MP (14),,CG (4),,CG (3),,OR (1),,OR (3),,OR (9),,OR (15),,,,,,,,,,,,,,,,,,,,,,,,,,,,,,,,,
,,,,,,,,,DH (1),,MH (21),,MH (20),,MH (19),,MH (18),,MH (5),,MH (8),,MH (9),,MH (10),,MH (11),,CG (5),,CG (8),,OR (10),,OR (14),,OR (18),,OR (16),,,,,,,,,,,,,,,,,,,,,,,,,,,,,,,,,,
,,,,,,,,MH (25),,MH (26),,MH (22),,MH (23),,MH (38),,MH (37),,MH (14),,MH (13),,MH (12),,TS (1),,CG (7),,CG (9),,OR (11),,OR (13),,OR (19),,OR (17),,,,,,,,,,,,,,,,,,,,,,,,,,,,,,,,,,,
,,,,,,,,,MH (27),,MH (28),,MH (24),,MH (36),,MH (39),,MH (17),,MH (15),,TS (4),,TS (2),,CG (6),,CG (11),,OR (21),,OR (20),,,,,,,,,,,,,,,,,,,,,,,,,,,,,,,,,,,,,,,,
,,,,,,,,MH (30),,MH (29),,MH (33),,MH (34),,MH (35),,MH (41),,MH (16),,TS (5),,TS (3),,TS (7),,CG (10),,OR (12),,,,,,,,,,,,,,,,,,,,,,,,,,,,,,,,,,,,,,,,,,,
,,,,,,,MH (31),,MH (32),,MH (45),,MH (43),,MH (42),,MH (40),,KA (7),,TS (10),,TS (6),,TS (8),,TS (15),,AP (1),,AP (2),,,,,,,,,,,,,,,,,,,,,,,,,,,,,,,,,,,,,,,,,,
,,,,,,,,,,MH (46),,MH (48),,MH (44),,KA (4),,KA (5),,KA (6),,TS (11),,TS (9),,TS (14),,TS (16),,AP (4),,AP (3),,,,,,,,,,,,,,,,,,,,,,,,,,,,,,,,,,,,,,,,,
,,,,,,,,,,,MH (47),,KA (1),,KA (2),,KA (11),,KA (3),,KA (8),,TS (12),,TS (13),,TS (17),,AP (6),,AP (5),,,,,,,,,,,,,,,,,,,,,,,,,,,,,,,,,,,,,,,,,,
,,,,,,,,,,,,GA (1),,KA (12),,KA (10),,KA (13),,KA (9),,AP (12),,AP (10),,AP (8),,AP (9),,AP (7),,,,,,,,,,,,,,,,,,,,,,,,,,,,,,,,,,,,,,,,,,,
,,,,,,,,,,,,,GA (2),,KA (14),,KA (19),,KA (18),,AP (17),,AP (16),,AP (14),,AP (15),,AP (13),,AP (11),,,,,,,,,,,,,,,,,,,,,,,,,,,,,,,,,,,,,,,,,,
,,,,,,,,,,,,,,KA (15),,KA (16),,KA (26),,AP (18),,AP (19),,AP (21),,AP (22),,,,,,,,,,,,,,,,,,,,,,,,,,,,,,,,,,,,,,,,,,,,,,,
,,,,,,,,,,,,,,,KA (17),,KA (24),,KA (25),,KA (27),,AP (20),,AP (24),,AP (23),,,,,,,,,,,,,,,,,,,,,,,,,,,,,,,,,,,,,,,,,,,,,,
,,,,,,,,,,,,,,KL (1),,KA (21),,KA (20),,TN (8),,KA (28),,TN (7),,AP (25),,TN (1),,,,,,,,,,,,,,,,,,,,,,,,,,,,,,,,,,,,,,,,,,,,,
,,,,,,,,,,,,,KL (2),,KL (3),,KA (22),,KA (23),,TN (5),,TN (3),,TN (4),,TN (2),,,,,,,,,,,,,,,,,,,,,,,,,,,,,,,,,,,,,,,,,,,,,,
,,,,,,,,,,,,KL (5),,KL (6),,KL (4),,TN (9),,TN (11),,TN (12),,TN (6),,TN (13),,TN (26),,,,,,,,,,,,,,,,,,,,,,,,,,,,,,,,,,,,,,AN (1),,,,,,,
,,,,,,,,,,,,,KL (7),,KL (8),,KL (9),,TN (10),,TN (15),,TN (14),,TN (27),,TN (28),,,,,,,,,,,,,,,,,,,,,,,,,,,,,,,,,,,,,,,,,,,,,,
,,,,,,,,,,,,,,KL (10),,KL (11),,TN (19),,TN (18),,TN (16),,TN (25),,TN (24),,PY (1),,,,,,,,,,,,,,,,,,,,,,,,,,,,,,,,,,,,,,,,,,,,,
,LD (1),,,,,,,,,,,,,,KL (12),,KL (13),,TN (20),,TN (17),,TN (23),,TN (30),,TN (29),,,,,,,,,,,,,,,,,,,,,,,,,,,,,,,,,,,,,,,,,,,,,,
,,,,,,,,,,,,,,,,KL (15),,KL (14),,TN (21),,TN (22),,TN (32),,TN (31),,,,,,,,,,,,,,,,,,,,,,,,,,,,,,,,,,,,,,,,,,,,,,,
,,,,,,,,,,,,,,,,,KL (16),,KL (17),,TN (33),,TN (34),,TN (35),,,,,,,,,,,,,,,,,,,,,,,,,,,,,,,,,,,,,,,,,,,,,,,,
,,,,,,,,,,,,,,,,,,KL (19),,KL (18),,TN (37),,TN (36),,,,,,,,,,,,,,,,,,,,,,,,,,,,,,,,,,,,,,,,,,,,,,,,,
,,,,,,,,,,,,,,,,,,,KL (20),,TN (39),,TN (38),,,,,,,,,,,,,,,,,,,,,,,,,,,,,,,,,,,,,,,,,,,,,,,,,,